firstname,lastname,birthdate
firstname1,lastname1,1/1/1965
firstname2,lastname2,1/2/1965
firstname3,lastname3,1/3/1965
firstname4,lastname4,1/4/1965
firstname5,lastname5,1/5/1965
firstname6,lastname6,1/6/1965
firstname7,lastname7,1/7/1965
firstname8,lastname8,1/8/1965
firstname9,lastname9,1/9/1965
firstname10,lastname10,1/10/1965
firstname11,lastname11,1/11/1965
firstname12,lastname12,1/12/1965
firstname13,lastname13,1/13/1965
firstname14,lastname14,1/14/1965
firstname15,lastname15,1/15/1965
firstname16,lastname16,1/16/1965
firstname17,lastname17,1/17/1965
firstname18,lastname18,1/18/1965
firstname19,lastname19,1/19/1965
firstname20,lastname20,1/20/1965
firstname21,lastname21,1/21/1965
firstname22,lastname22,1/22/1965
firstname23,lastname23,1/23/1965
firstname24,lastname24,1/24/1965
firstname25,lastname25,1/25/1965
firstname26,lastname26,1/26/1965
firstname27,lastname27,1/27/1965
firstname28,lastname28,1/28/1965
firstname29,lastname29,1/29/1965
firstname30,lastname30,1/30/1965
firstname31,lastname31,1/31/1965
firstname32,lastname32,2/1/1965
firstname33,lastname33,2/2/1965
firstname34,lastname34,2/3/1965
firstname35,lastname35,2/4/1965
firstname36,lastname36,2/5/1965
firstname37,lastname37,2/6/1965
firstname38,lastname38,2/7/1965
firstname39,lastname39,2/8/1965
firstname40,lastname40,2/9/1965
firstname41,lastname41,2/10/1965
firstname42,lastname42,2/11/1965
firstname43,lastname43,2/12/1965
firstname44,lastname44,2/13/1965
firstname45,lastname45,2/14/1965
firstname46,lastname46,2/15/1965
firstname47,lastname47,2/16/1965
firstname48,lastname48,2/17/1965
firstname49,lastname49,2/18/1965
firstname50,lastname50,2/19/1965
firstname51,lastname51,2/20/1965
firstname52,lastname52,2/21/1965
firstname53,lastname53,2/22/1965
firstname54,lastname54,2/23/1965
firstname55,lastname55,2/24/1965
firstname56,lastname56,2/25/1965
firstname57,lastname57,2/26/1965
firstname58,lastname58,2/27/1965
firstname59,lastname59,2/28/1965
firstname60,lastname60,3/1/1965
firstname61,lastname61,3/2/1965
firstname62,lastname62,3/3/1965
firstname63,lastname63,3/4/1965
firstname64,lastname64,3/5/1965
firstname65,lastname65,3/6/1965
firstname66,lastname66,3/7/1965
firstname67,lastname67,3/8/1965
firstname68,lastname68,3/9/1965
firstname69,lastname69,3/10/1965
firstname70,lastname70,3/11/1965
firstname71,lastname71,3/12/1965
firstname72,lastname72,3/13/1965
firstname73,lastname73,3/14/1965
firstname74,lastname74,3/15/1965
firstname75,lastname75,3/16/1965
firstname76,lastname76,3/17/1965
firstname77,lastname77,3/18/1965
firstname78,lastname78,3/19/1965
firstname79,lastname79,3/20/1965
firstname80,lastname80,3/21/1965
firstname81,lastname81,3/22/1965
firstname82,lastname82,3/23/1965
firstname83,lastname83,3/24/1965
firstname84,lastname84,3/25/1965
firstname85,lastname85,3/26/1965
firstname86,lastname86,3/27/1965
firstname87,lastname87,3/28/1965
firstname88,lastname88,3/29/1965
firstname89,lastname89,3/30/1965
firstname90,lastname90,3/31/1965
firstname91,lastname91,4/1/1965
firstname92,lastname92,4/2/1965
firstname93,lastname93,4/3/1965
firstname94,lastname94,4/4/1965
firstname95,lastname95,4/5/1965
firstname96,lastname96,4/6/1965
firstname97,lastname97,4/7/1965
firstname98,lastname98,4/8/1965
firstname99,lastname99,4/9/1965
firstname100,lastname100,4/10/1965
firstname101,lastname101,4/11/1965
firstname102,lastname102,4/12/1965
firstname103,lastname103,4/13/1965
firstname104,lastname104,4/14/1965
firstname105,lastname105,4/15/1965
firstname106,lastname106,4/16/1965
firstname107,lastname107,4/17/1965
firstname108,lastname108,4/18/1965
firstname109,lastname109,4/19/1965
firstname110,lastname110,4/20/1965
firstname111,lastname111,4/21/1965
firstname112,lastname112,4/22/1965
firstname113,lastname113,4/23/1965
firstname114,lastname114,4/24/1965
firstname115,lastname115,4/25/1965
firstname116,lastname116,4/26/1965
firstname117,lastname117,4/27/1965
firstname118,lastname118,4/28/1965
firstname119,lastname119,4/29/1965
firstname120,lastname120,4/30/1965
firstname121,lastname121,5/1/1965
firstname122,lastname122,5/2/1965
firstname123,lastname123,5/3/1965
firstname124,lastname124,5/4/1965
firstname125,lastname125,5/5/1965
firstname126,lastname126,5/6/1965
firstname127,lastname127,5/7/1965
firstname128,lastname128,5/8/1965
firstname129,lastname129,5/9/1965
firstname130,lastname130,5/10/1965
firstname131,lastname131,5/11/1965
firstname132,lastname132,5/12/1965
firstname133,lastname133,5/13/1965
firstname134,lastname134,5/14/1965
firstname135,lastname135,5/15/1965
firstname136,lastname136,5/16/1965
firstname137,lastname137,5/17/1965
firstname138,lastname138,5/18/1965
firstname139,lastname139,5/19/1965
firstname140,lastname140,5/20/1965
firstname141,lastname141,5/21/1965
firstname142,lastname142,5/22/1965
firstname143,lastname143,5/23/1965
firstname144,lastname144,5/24/1965
firstname145,lastname145,5/25/1965
firstname146,lastname146,5/26/1965
firstname147,lastname147,5/27/1965
firstname148,lastname148,5/28/1965
firstname149,lastname149,5/29/1965
firstname150,lastname150,5/30/1965
firstname151,lastname151,5/31/1965
firstname152,lastname152,6/1/1965
firstname153,lastname153,6/2/1965
firstname154,lastname154,6/3/1965
firstname155,lastname155,6/4/1965
firstname156,lastname156,6/5/1965
firstname157,lastname157,6/6/1965
firstname158,lastname158,6/7/1965
firstname159,lastname159,6/8/1965
firstname160,lastname160,6/9/1965
firstname161,lastname161,6/10/1965
firstname162,lastname162,6/11/1965
firstname163,lastname163,6/12/1965
firstname164,lastname164,6/13/1965
firstname165,lastname165,6/14/1965
firstname166,lastname166,6/15/1965
firstname167,lastname167,6/16/1965
firstname168,lastname168,6/17/1965
firstname169,lastname169,6/18/1965
firstname170,lastname170,6/19/1965
firstname171,lastname171,6/20/1965
firstname172,lastname172,6/21/1965
firstname173,lastname173,6/22/1965
firstname174,lastname174,6/23/1965
firstname175,lastname175,6/24/1965
firstname176,lastname176,6/25/1965
firstname177,lastname177,6/26/1965
firstname178,lastname178,6/27/1965
firstname179,lastname179,6/28/1965
firstname180,lastname180,6/29/1965
firstname181,lastname181,6/30/1965
firstname182,lastname182,7/1/1965
firstname183,lastname183,7/2/1965
firstname184,lastname184,7/3/1965
firstname185,lastname185,7/4/1965
firstname186,lastname186,7/5/1965
firstname187,lastname187,7/6/1965
firstname188,lastname188,7/7/1965
firstname189,lastname189,7/8/1965
firstname190,lastname190,7/9/1965
firstname191,lastname191,7/10/1965
firstname192,lastname192,7/11/1965
firstname193,lastname193,7/12/1965
firstname194,lastname194,7/13/1965
firstname195,lastname195,7/14/1965
firstname196,lastname196,7/15/1965
firstname197,lastname197,7/16/1965
firstname198,lastname198,7/17/1965
firstname199,lastname199,7/18/1965
firstname200,lastname200,7/19/1965
firstname201,lastname201,7/20/1965
firstname202,lastname202,7/21/1965
firstname203,lastname203,7/22/1965
firstname204,lastname204,7/23/1965
firstname205,lastname205,7/24/1965
firstname206,lastname206,7/25/1965
firstname207,lastname207,7/26/1965
firstname208,lastname208,7/27/1965
firstname209,lastname209,7/28/1965
firstname210,lastname210,7/29/1965
firstname211,lastname211,7/30/1965
firstname212,lastname212,7/31/1965
firstname213,lastname213,8/1/1965
firstname214,lastname214,8/2/1965
firstname215,lastname215,8/3/1965
firstname216,lastname216,8/4/1965
firstname217,lastname217,8/5/1965
firstname218,lastname218,8/6/1965
firstname219,lastname219,8/7/1965
firstname220,lastname220,8/8/1965
firstname221,lastname221,8/9/1965
firstname222,lastname222,8/10/1965
firstname223,lastname223,8/11/1965
firstname224,lastname224,8/12/1965
firstname225,lastname225,8/13/1965
firstname226,lastname226,8/14/1965
firstname227,lastname227,8/15/1965
firstname228,lastname228,8/16/1965
firstname229,lastname229,8/17/1965
firstname230,lastname230,8/18/1965
firstname231,lastname231,8/19/1965
firstname232,lastname232,8/20/1965
firstname233,lastname233,8/21/1965
firstname234,lastname234,8/22/1965
firstname235,lastname235,8/23/1965
firstname236,lastname236,8/24/1965
firstname237,lastname237,8/25/1965
firstname238,lastname238,8/26/1965
firstname239,lastname239,8/27/1965
firstname240,lastname240,8/28/1965
firstname241,lastname241,8/29/1965
firstname242,lastname242,8/30/1965
firstname243,lastname243,8/31/1965
firstname244,lastname244,9/1/1965
firstname245,lastname245,9/2/1965
firstname246,lastname246,9/3/1965
firstname247,lastname247,9/4/1965
firstname248,lastname248,9/5/1965
firstname249,lastname249,9/6/1965
firstname250,lastname250,9/7/1965
firstname251,lastname251,9/8/1965
firstname252,lastname252,9/9/1965
firstname253,lastname253,9/10/1965
firstname254,lastname254,9/11/1965
firstname255,lastname255,9/12/1965
firstname256,lastname256,9/13/1965
firstname257,lastname257,9/14/1965
firstname258,lastname258,9/15/1965
firstname259,lastname259,9/16/1965
firstname260,lastname260,9/17/1965
firstname261,lastname261,9/18/1965
firstname262,lastname262,9/19/1965
firstname263,lastname263,9/20/1965
firstname264,lastname264,9/21/1965
firstname265,lastname265,9/22/1965
firstname266,lastname266,9/23/1965
firstname267,lastname267,9/24/1965
firstname268,lastname268,9/25/1965
firstname269,lastname269,9/26/1965
firstname270,lastname270,9/27/1965
firstname271,lastname271,9/28/1965
firstname272,lastname272,9/29/1965
firstname273,lastname273,9/30/1965
firstname274,lastname274,10/1/1965
firstname275,lastname275,10/2/1965
firstname276,lastname276,10/3/1965
firstname277,lastname277,10/4/1965
firstname278,lastname278,10/5/1965
firstname279,lastname279,10/6/1965
firstname280,lastname280,10/7/1965
firstname281,lastname281,10/8/1965
firstname282,lastname282,10/9/1965
firstname283,lastname283,10/10/1965
firstname284,lastname284,10/11/1965
firstname285,lastname285,10/12/1965
firstname286,lastname286,10/13/1965
firstname287,lastname287,10/14/1965
firstname288,lastname288,10/15/1965
firstname289,lastname289,10/16/1965
firstname290,lastname290,10/17/1965
firstname291,lastname291,10/18/1965
firstname292,lastname292,10/19/1965
firstname293,lastname293,10/20/1965
firstname294,lastname294,10/21/1965
firstname295,lastname295,10/22/1965
firstname296,lastname296,10/23/1965
firstname297,lastname297,10/24/1965
firstname298,lastname298,10/25/1965
firstname299,lastname299,10/26/1965
firstname300,lastname300,10/27/1965
firstname301,lastname301,10/28/1965
firstname302,lastname302,10/29/1965
firstname303,lastname303,10/30/1965
firstname304,lastname304,10/31/1965
firstname305,lastname305,11/1/1965
firstname306,lastname306,11/2/1965
firstname307,lastname307,11/3/1965
firstname308,lastname308,11/4/1965
firstname309,lastname309,11/5/1965
firstname310,lastname310,11/6/1965
firstname311,lastname311,11/7/1965
firstname312,lastname312,11/8/1965
firstname313,lastname313,11/9/1965
firstname314,lastname314,11/10/1965
firstname315,lastname315,11/11/1965
firstname316,lastname316,11/12/1965
firstname317,lastname317,11/13/1965
firstname318,lastname318,11/14/1965
firstname319,lastname319,11/15/1965
firstname320,lastname320,11/16/1965
firstname321,lastname321,11/17/1965
firstname322,lastname322,11/18/1965
firstname323,lastname323,11/19/1965
firstname324,lastname324,11/20/1965
firstname325,lastname325,11/21/1965
firstname326,lastname326,11/22/1965
firstname327,lastname327,11/23/1965
firstname328,lastname328,11/24/1965
firstname329,lastname329,11/25/1965
firstname330,lastname330,11/26/1965
firstname331,lastname331,11/27/1965
firstname332,lastname332,11/28/1965
firstname333,lastname333,11/29/1965
firstname334,lastname334,11/30/1965
firstname335,lastname335,12/1/1965
firstname336,lastname336,12/2/1965
firstname337,lastname337,12/3/1965
firstname338,lastname338,12/4/1965
firstname339,lastname339,12/5/1965
firstname340,lastname340,12/6/1965
firstname341,lastname341,12/7/1965
firstname342,lastname342,12/8/1965
firstname343,lastname343,12/9/1965
firstname344,lastname344,12/10/1965
firstname345,lastname345,12/11/1965
firstname346,lastname346,12/12/1965
firstname347,lastname347,12/13/1965
firstname348,lastname348,12/14/1965
firstname349,lastname349,12/15/1965
firstname350,lastname350,12/16/1965
firstname351,lastname351,12/17/1965
firstname352,lastname352,12/18/1965
firstname353,lastname353,12/19/1965
firstname354,lastname354,12/20/1965
firstname355,lastname355,12/21/1965
firstname356,lastname356,12/22/1965
firstname357,lastname357,12/23/1965
firstname358,lastname358,12/24/1965
firstname359,lastname359,12/25/1965
firstname360,lastname360,12/26/1965
firstname361,lastname361,12/27/1965
firstname362,lastname362,12/28/1965
firstname363,lastname363,12/29/1965
firstname364,lastname364,12/30/1965
firstname365,lastname365,12/31/1965
firstname366,lastname366,1/1/1966
firstname367,lastname367,1/2/1966
firstname368,lastname368,1/3/1966
firstname369,lastname369,1/4/1966
firstname370,lastname370,1/5/1966
firstname371,lastname371,1/6/1966
firstname372,lastname372,1/7/1966
firstname373,lastname373,1/8/1966
firstname374,lastname374,1/9/1966
firstname375,lastname375,1/10/1966
firstname376,lastname376,1/11/1966
firstname377,lastname377,1/12/1966
firstname378,lastname378,1/13/1966
firstname379,lastname379,1/14/1966
firstname380,lastname380,1/15/1966
firstname381,lastname381,1/16/1966
firstname382,lastname382,1/17/1966
firstname383,lastname383,1/18/1966
firstname384,lastname384,1/19/1966
firstname385,lastname385,1/20/1966
firstname386,lastname386,1/21/1966
firstname387,lastname387,1/22/1966
firstname388,lastname388,1/23/1966
firstname389,lastname389,1/24/1966
firstname390,lastname390,1/25/1966
firstname391,lastname391,1/26/1966
firstname392,lastname392,1/27/1966
firstname393,lastname393,1/28/1966
firstname394,lastname394,1/29/1966
firstname395,lastname395,1/30/1966
firstname396,lastname396,1/31/1966
firstname397,lastname397,2/1/1966
firstname398,lastname398,2/2/1966
firstname399,lastname399,2/3/1966
firstname400,lastname400,2/4/1966
firstname401,lastname401,2/5/1966
firstname402,lastname402,2/6/1966
firstname403,lastname403,2/7/1966
firstname404,lastname404,2/8/1966
firstname405,lastname405,2/9/1966
firstname406,lastname406,2/10/1966
firstname407,lastname407,2/11/1966
firstname408,lastname408,2/12/1966
firstname409,lastname409,2/13/1966
firstname410,lastname410,2/14/1966
firstname411,lastname411,2/15/1966
firstname412,lastname412,2/16/1966
firstname413,lastname413,2/17/1966
firstname414,lastname414,2/18/1966
firstname415,lastname415,2/19/1966
firstname416,lastname416,2/20/1966
firstname417,lastname417,2/21/1966
firstname418,lastname418,2/22/1966
firstname419,lastname419,2/23/1966
firstname420,lastname420,2/24/1966
firstname421,lastname421,2/25/1966
firstname422,lastname422,2/26/1966
firstname423,lastname423,2/27/1966
firstname424,lastname424,2/28/1966
firstname425,lastname425,3/1/1966
firstname426,lastname426,3/2/1966
firstname427,lastname427,3/3/1966
firstname428,lastname428,3/4/1966
firstname429,lastname429,3/5/1966
firstname430,lastname430,3/6/1966
firstname431,lastname431,3/7/1966
firstname432,lastname432,3/8/1966
firstname433,lastname433,3/9/1966
firstname434,lastname434,3/10/1966
firstname435,lastname435,3/11/1966
firstname436,lastname436,3/12/1966
firstname437,lastname437,3/13/1966
firstname438,lastname438,3/14/1966
firstname439,lastname439,3/15/1966
firstname440,lastname440,3/16/1966
firstname441,lastname441,3/17/1966
firstname442,lastname442,3/18/1966
firstname443,lastname443,3/19/1966
firstname444,lastname444,3/20/1966
firstname445,lastname445,3/21/1966
firstname446,lastname446,3/22/1966
firstname447,lastname447,3/23/1966
firstname448,lastname448,3/24/1966
firstname449,lastname449,3/25/1966
firstname450,lastname450,3/26/1966
firstname451,lastname451,3/27/1966
firstname452,lastname452,3/28/1966
firstname453,lastname453,3/29/1966
