first,last,birthdate
firstname1,lastname1,01/01/1965
firstname2,lastname2,02/01/1965
firstname3,lastname3,03/01/1965
firstname4,lastname4,04/01/1965
firstname5,lastname5,05/01/1965
firstname6,lastname6,06/01/1965
firstname7,lastname7,07/01/1965
firstname8,lastname8,08/01/1965
firstname9,lastname9,09/01/1965
firstname10,lastname10,10/01/1965
firstname11,lastname11,11/01/1965
firstname12,lastname12,12/01/1965
firstname13,lastname13,13/01/1965
firstname14,lastname14,14/01/1965
firstname15,lastname15,15/01/1965
firstname16,lastname16,16/01/1965
firstname17,lastname17,17/01/1965
firstname18,lastname18,18/01/1965
firstname19,lastname19,19/01/1965
firstname20,lastname20,20/01/1965
firstname21,lastname21,21/01/1965
firstname22,lastname22,22/01/1965
firstname23,lastname23,23/01/1965
firstname24,lastname24,24/01/1965
firstname25,lastname25,25/01/1965
firstname26,lastname26,26/01/1965
firstname27,lastname27,27/01/1965
firstname28,lastname28,28/01/1965
firstname29,lastname29,29/01/1965
firstname30,lastname30,30/01/1965
firstname31,lastname31,31/01/1965
firstname32,lastname32,01/02/1965
firstname33,lastname33,02/02/1965
firstname34,lastname34,03/02/1965
firstname35,lastname35,04/02/1965
firstname36,lastname36,05/02/1965
firstname37,lastname37,06/02/1965
firstname38,lastname38,07/02/1965
firstname39,lastname39,08/02/1965
firstname40,lastname40,09/02/1965
firstname41,lastname41,10/02/1965
firstname42,lastname42,11/02/1965
firstname43,lastname43,12/02/1965
firstname44,lastname44,13/02/1965
firstname45,lastname45,14/02/1965
firstname46,lastname46,15/02/1965
firstname47,lastname47,16/02/1965
firstname48,lastname48,17/02/1965
firstname49,lastname49,18/02/1965
firstname50,lastname50,19/02/1965
firstname51,lastname51,20/02/1965
firstname52,lastname52,21/02/1965
firstname53,lastname53,22/02/1965
firstname54,lastname54,23/02/1965
firstname55,lastname55,24/02/1965
firstname56,lastname56,25/02/1965
firstname57,lastname57,26/02/1965
firstname58,lastname58,27/02/1965
firstname59,lastname59,28/02/1965
firstname60,lastname60,01/03/1965
firstname61,lastname61,02/03/1965
firstname62,lastname62,03/03/1965
firstname63,lastname63,04/03/1965
firstname64,lastname64,05/03/1965
firstname65,lastname65,06/03/1965
firstname66,lastname66,07/03/1965
firstname67,lastname67,08/03/1965
firstname68,lastname68,09/03/1965
firstname69,lastname69,10/03/1965
firstname70,lastname70,11/03/1965
firstname71,lastname71,12/03/1965
firstname72,lastname72,13/03/1965
firstname73,lastname73,14/03/1965
firstname74,lastname74,15/03/1965
firstname75,lastname75,16/03/1965
firstname76,lastname76,17/03/1965
firstname77,lastname77,18/03/1965
firstname78,lastname78,19/03/1965
firstname79,lastname79,20/03/1965
firstname80,lastname80,21/03/1965
firstname81,lastname81,22/03/1965
firstname82,lastname82,23/03/1965
firstname83,lastname83,24/03/1965
firstname84,lastname84,25/03/1965
firstname85,lastname85,26/03/1965
firstname86,lastname86,27/03/1965
firstname87,lastname87,28/03/1965
firstname88,lastname88,29/03/1965
firstname89,lastname89,30/03/1965
firstname90,lastname90,31/03/1965
firstname91,lastname91,01/04/1965
firstname92,lastname92,02/04/1965
firstname93,lastname93,03/04/1965
firstname94,lastname94,04/04/1965
firstname95,lastname95,05/04/1965
firstname96,lastname96,06/04/1965
firstname97,lastname97,07/04/1965
firstname98,lastname98,08/04/1965
firstname99,lastname99,09/04/1965
firstname100,lastname100,10/04/1965
firstname101,lastname101,11/04/1965
firstname102,lastname102,12/04/1965
firstname103,lastname103,13/04/1965
firstname104,lastname104,14/04/1965
firstname105,lastname105,15/04/1965
firstname106,lastname106,16/04/1965
firstname107,lastname107,17/04/1965
firstname108,lastname108,18/04/1965
firstname109,lastname109,19/04/1965
firstname110,lastname110,20/04/1965
firstname111,lastname111,21/04/1965
firstname112,lastname112,22/04/1965
firstname113,lastname113,23/04/1965
firstname114,lastname114,24/04/1965
firstname115,lastname115,25/04/1965
firstname116,lastname116,26/04/1965
firstname117,lastname117,27/04/1965
firstname118,lastname118,28/04/1965
firstname119,lastname119,29/04/1965
firstname120,lastname120,30/04/1965
firstname121,lastname121,01/05/1965
firstname122,lastname122,02/05/1965
firstname123,lastname123,03/05/1965
firstname124,lastname124,04/05/1965
firstname125,lastname125,05/05/1965
firstname126,lastname126,06/05/1965
firstname127,lastname127,07/05/1965
firstname128,lastname128,08/05/1965
firstname129,lastname129,09/05/1965
firstname130,lastname130,10/05/1965
firstname131,lastname131,11/05/1965
firstname132,lastname132,12/05/1965
firstname133,lastname133,13/05/1965
firstname134,lastname134,14/05/1965
firstname135,lastname135,15/05/1965
firstname136,lastname136,16/05/1965
firstname137,lastname137,17/05/1965
firstname138,lastname138,18/05/1965
firstname139,lastname139,19/05/1965
firstname140,lastname140,20/05/1965
firstname141,lastname141,21/05/1965
firstname142,lastname142,22/05/1965
firstname143,lastname143,23/05/1965
firstname144,lastname144,24/05/1965
firstname145,lastname145,25/05/1965
firstname146,lastname146,26/05/1965
firstname147,lastname147,27/05/1965
firstname148,lastname148,28/05/1965
firstname149,lastname149,29/05/1965
firstname150,lastname150,30/05/1965
firstname151,lastname151,31/05/1965
firstname152,lastname152,01/06/1965
firstname153,lastname153,02/06/1965
firstname154,lastname154,03/06/1965
firstname155,lastname155,04/06/1965
firstname156,lastname156,05/06/1965
firstname157,lastname157,06/06/1965
firstname158,lastname158,07/06/1965
firstname159,lastname159,08/06/1965
firstname160,lastname160,09/06/1965
firstname161,lastname161,10/06/1965
firstname162,lastname162,11/06/1965
firstname163,lastname163,12/06/1965
firstname164,lastname164,13/06/1965
firstname165,lastname165,14/06/1965
firstname166,lastname166,15/06/1965
firstname167,lastname167,16/06/1965
firstname168,lastname168,17/06/1965
firstname169,lastname169,18/06/1965
firstname170,lastname170,19/06/1965
firstname171,lastname171,20/06/1965
firstname172,lastname172,21/06/1965
firstname173,lastname173,22/06/1965
firstname174,lastname174,23/06/1965
firstname175,lastname175,24/06/1965
firstname176,lastname176,25/06/1965
firstname177,lastname177,26/06/1965
firstname178,lastname178,27/06/1965
firstname179,lastname179,28/06/1965
firstname180,lastname180,29/06/1965
firstname181,lastname181,30/06/1965
firstname182,lastname182,01/07/1965
firstname183,lastname183,02/07/1965
firstname184,lastname184,03/07/1965
firstname185,lastname185,04/07/1965
firstname186,lastname186,05/07/1965
firstname187,lastname187,06/07/1965
firstname188,lastname188,07/07/1965
firstname189,lastname189,08/07/1965
firstname190,lastname190,09/07/1965
firstname191,lastname191,10/07/1965
firstname192,lastname192,11/07/1965
firstname193,lastname193,12/07/1965
firstname194,lastname194,13/07/1965
firstname195,lastname195,14/07/1965
firstname196,lastname196,15/07/1965
firstname197,lastname197,16/07/1965
firstname198,lastname198,17/07/1965
firstname199,lastname199,18/07/1965
firstname200,lastname200,19/07/1965
firstname201,lastname201,20/07/1965
firstname202,lastname202,21/07/1965
firstname203,lastname203,22/07/1965
firstname204,lastname204,23/07/1965
firstname205,lastname205,24/07/1965
firstname206,lastname206,25/07/1965
firstname207,lastname207,26/07/1965
firstname208,lastname208,27/07/1965
firstname209,lastname209,28/07/1965
firstname210,lastname210,29/07/1965
firstname211,lastname211,30/07/1965
firstname212,lastname212,31/07/1965
firstname213,lastname213,01/08/1965
firstname214,lastname214,02/08/1965
firstname215,lastname215,03/08/1965
firstname216,lastname216,04/08/1965
firstname217,lastname217,05/08/1965
firstname218,lastname218,06/08/1965
firstname219,lastname219,07/08/1965
firstname220,lastname220,08/08/1965
firstname221,lastname221,09/08/1965
firstname222,lastname222,10/08/1965
firstname223,lastname223,11/08/1965
firstname224,lastname224,12/08/1965
firstname225,lastname225,13/08/1965
firstname226,lastname226,14/08/1965
firstname227,lastname227,15/08/1965
firstname228,lastname228,16/08/1965
firstname229,lastname229,17/08/1965
firstname230,lastname230,18/08/1965
firstname231,lastname231,19/08/1965
firstname232,lastname232,20/08/1965
firstname233,lastname233,21/08/1965
firstname234,lastname234,22/08/1965
firstname235,lastname235,23/08/1965
firstname236,lastname236,24/08/1965
firstname237,lastname237,25/08/1965
firstname238,lastname238,26/08/1965
firstname239,lastname239,27/08/1965
firstname240,lastname240,28/08/1965
firstname241,lastname241,29/08/1965
firstname242,lastname242,30/08/1965
firstname243,lastname243,31/08/1965
firstname244,lastname244,01/09/1965
firstname245,lastname245,02/09/1965
firstname246,lastname246,03/09/1965
firstname247,lastname247,04/09/1965
firstname248,lastname248,05/09/1965
firstname249,lastname249,06/09/1965
firstname250,lastname250,07/09/1965
firstname251,lastname251,08/09/1965
firstname252,lastname252,09/09/1965
firstname253,lastname253,10/09/1965
firstname254,lastname254,11/09/1965
firstname255,lastname255,12/09/1965
firstname256,lastname256,13/09/1965
firstname257,lastname257,14/09/1965
firstname258,lastname258,15/09/1965
firstname259,lastname259,16/09/1965
firstname260,lastname260,17/09/1965
firstname261,lastname261,18/09/1965
firstname262,lastname262,19/09/1965
firstname263,lastname263,20/09/1965
firstname264,lastname264,21/09/1965
firstname265,lastname265,22/09/1965
firstname266,lastname266,23/09/1965
firstname267,lastname267,24/09/1965
firstname268,lastname268,25/09/1965
firstname269,lastname269,26/09/1965
firstname270,lastname270,27/09/1965
firstname271,lastname271,28/09/1965
firstname272,lastname272,29/09/1965
firstname273,lastname273,30/09/1965
firstname274,lastname274,01/10/1965
firstname275,lastname275,02/10/1965
firstname276,lastname276,03/10/1965
firstname277,lastname277,04/10/1965
firstname278,lastname278,05/10/1965
firstname279,lastname279,06/10/1965
firstname280,lastname280,07/10/1965
firstname281,lastname281,08/10/1965
firstname282,lastname282,09/10/1965
firstname283,lastname283,10/10/1965
firstname284,lastname284,11/10/1965
firstname285,lastname285,12/10/1965
firstname286,lastname286,13/10/1965
firstname287,lastname287,14/10/1965
firstname288,lastname288,15/10/1965
firstname289,lastname289,16/10/1965
firstname290,lastname290,17/10/1965
firstname291,lastname291,18/10/1965
firstname292,lastname292,19/10/1965
firstname293,lastname293,20/10/1965
firstname294,lastname294,21/10/1965
firstname295,lastname295,22/10/1965
firstname296,lastname296,23/10/1965
firstname297,lastname297,24/10/1965
firstname298,lastname298,25/10/1965
firstname299,lastname299,26/10/1965
firstname300,lastname300,27/10/1965
firstname301,lastname301,28/10/1965
firstname302,lastname302,29/10/1965
firstname303,lastname303,30/10/1965
firstname304,lastname304,31/10/1965
firstname305,lastname305,01/11/1965
firstname306,lastname306,02/11/1965
firstname307,lastname307,03/11/1965
firstname308,lastname308,04/11/1965
firstname309,lastname309,05/11/1965
firstname310,lastname310,06/11/1965
firstname311,lastname311,07/11/1965
firstname312,lastname312,08/11/1965
firstname313,lastname313,09/11/1965
firstname314,lastname314,10/11/1965
firstname315,lastname315,11/11/1965
firstname316,lastname316,12/11/1965
firstname317,lastname317,13/11/1965
firstname318,lastname318,14/11/1965
firstname319,lastname319,15/11/1965
firstname320,lastname320,16/11/1965
firstname321,lastname321,17/11/1965
firstname322,lastname322,18/11/1965
firstname323,lastname323,19/11/1965
firstname324,lastname324,20/11/1965
firstname325,lastname325,21/11/1965
firstname326,lastname326,22/11/1965
firstname327,lastname327,23/11/1965
firstname328,lastname328,24/11/1965
firstname329,lastname329,25/11/1965
firstname330,lastname330,26/11/1965
firstname331,lastname331,27/11/1965
firstname332,lastname332,28/11/1965
firstname333,lastname333,29/11/1965
firstname334,lastname334,30/11/1965
firstname335,lastname335,01/12/1965
firstname336,lastname336,02/12/1965
firstname337,lastname337,03/12/1965
firstname338,lastname338,04/12/1965
firstname339,lastname339,05/12/1965
firstname340,lastname340,06/12/1965
firstname341,lastname341,07/12/1965
firstname342,lastname342,08/12/1965
firstname343,lastname343,09/12/1965
firstname344,lastname344,10/12/1965
firstname345,lastname345,11/12/1965
firstname346,lastname346,12/12/1965
firstname347,lastname347,13/12/1965
firstname348,lastname348,14/12/1965
firstname349,lastname349,15/12/1965
firstname350,lastname350,16/12/1965
firstname351,lastname351,17/12/1965
firstname352,lastname352,18/12/1965
firstname353,lastname353,19/12/1965
firstname354,lastname354,20/12/1965
firstname355,lastname355,21/12/1965
firstname356,lastname356,22/12/1965
firstname357,lastname357,23/12/1965
firstname358,lastname358,24/12/1965
firstname359,lastname359,25/12/1965
firstname360,lastname360,26/12/1965
firstname361,lastname361,27/12/1965
firstname362,lastname362,28/12/1965
firstname363,lastname363,29/12/1965
firstname364,lastname364,30/12/1965
firstname365,lastname365,31/12/1965
firstname366,lastname366,01/01/1966
firstname367,lastname367,02/01/1966
firstname368,lastname368,03/01/1966
firstname369,lastname369,04/01/1966
firstname370,lastname370,05/01/1966
firstname371,lastname371,06/01/1966
firstname372,lastname372,07/01/1966
firstname373,lastname373,08/01/1966
firstname374,lastname374,09/01/1966
firstname375,lastname375,10/01/1966
firstname376,lastname376,11/01/1966
firstname377,lastname377,12/01/1966
firstname378,lastname378,13/01/1966
firstname379,lastname379,14/01/1966
firstname380,lastname380,15/01/1966
firstname381,lastname381,16/01/1966
firstname382,lastname382,17/01/1966
firstname383,lastname383,18/01/1966
firstname384,lastname384,19/01/1966
firstname385,lastname385,20/01/1966
firstname386,lastname386,21/01/1966
firstname387,lastname387,22/01/1966
firstname388,lastname388,23/01/1966
firstname389,lastname389,24/01/1966
firstname390,lastname390,25/01/1966
firstname391,lastname391,26/01/1966
firstname392,lastname392,27/01/1966
firstname393,lastname393,28/01/1966
firstname394,lastname394,29/01/1966
firstname395,lastname395,30/01/1966
firstname396,lastname396,31/01/1966
firstname397,lastname397,01/02/1966
firstname398,lastname398,02/02/1966
firstname399,lastname399,03/02/1966
firstname400,lastname400,04/02/1966
firstname401,lastname401,05/02/1966
firstname402,lastname402,06/02/1966
firstname403,lastname403,07/02/1966
firstname404,lastname404,08/02/1966
firstname405,lastname405,09/02/1966
firstname406,lastname406,10/02/1966
firstname407,lastname407,11/02/1966
firstname408,lastname408,12/02/1966
firstname409,lastname409,13/02/1966
firstname410,lastname410,14/02/1966
firstname411,lastname411,15/02/1966
firstname412,lastname412,16/02/1966
firstname413,lastname413,17/02/1966
firstname414,lastname414,18/02/1966
firstname415,lastname415,19/02/1966
firstname416,lastname416,20/02/1966
firstname417,lastname417,21/02/1966
firstname418,lastname418,22/02/1966
firstname419,lastname419,23/02/1966
firstname420,lastname420,24/02/1966
firstname421,lastname421,25/02/1966
firstname422,lastname422,26/02/1966
firstname423,lastname423,27/02/1966
firstname424,lastname424,28/02/1966
firstname425,lastname425,01/03/1966
firstname426,lastname426,02/03/1966
firstname427,lastname427,03/03/1966
firstname428,lastname428,04/03/1966
firstname429,lastname429,05/03/1966
firstname430,lastname430,06/03/1966
firstname431,lastname431,07/03/1966
firstname432,lastname432,08/03/1966
firstname433,lastname433,09/03/1966
firstname434,lastname434,10/03/1966
firstname435,lastname435,11/03/1966
firstname436,lastname436,12/03/1966
firstname437,lastname437,13/03/1966
firstname438,lastname438,14/03/1966
firstname439,lastname439,15/03/1966
firstname440,lastname440,16/03/1966
firstname441,lastname441,17/03/1966
firstname442,lastname442,18/03/1966
firstname443,lastname443,19/03/1966
firstname444,lastname444,20/03/1966
firstname445,lastname445,21/03/1966
firstname446,lastname446,22/03/1966
firstname447,lastname447,23/03/1966
firstname448,lastname448,24/03/1966
firstname449,lastname449,25/03/1966
firstname450,lastname450,26/03/1966
firstname451,lastname451,27/03/1966
firstname452,lastname452,28/03/1966
firstname453,lastname453,29/03/1966
